id,name,set,cost,debtCost,potionCost,action,victory,treasure,extraPile,ruins,spoils,attack,isKingdomCard,isEvent,isLandmark,reaction,isDeprecated,isSecondEdition,isWay
1,cellar,Base,2,0,0,Y,N,N,N,N,N,N,Y,N,N,N,,,
2,chapel,Base,2,0,0,Y,N,N,N,N,N,N,Y,N,N,N,,,
3,moat,Base,2,0,0,Y,N,N,N,N,N,N,Y,N,N,Y,,,
4,chancellor,Base,3,0,0,Y,N,N,N,N,N,N,Y,N,N,N,Y,,
5,village,Base,3,0,0,Y,N,N,N,N,N,N,Y,N,N,N,,,
6,woodcutter,Base,3,0,0,Y,N,N,N,N,N,N,Y,N,N,N,Y,,
7,workshop,Base,3,0,0,Y,N,N,N,N,N,N,Y,N,N,N,,,
8,bureaucrat,Base,4,0,0,Y,N,N,N,N,N,Y,Y,N,N,N,,,
9,feast,Base,4,0,0,Y,N,N,N,N,N,N,Y,N,N,N,Y,,
10,gardens,Base,4,0,0,N,Y,N,N,N,N,N,Y,N,N,N,,,
11,militia,Base,4,0,0,Y,N,N,N,N,N,Y,Y,N,N,N,,,
12,moneylender,Base,4,0,0,Y,N,N,N,N,N,N,Y,N,N,N,,,
13,remodel,Base,4,0,0,Y,N,N,N,N,N,N,Y,N,N,N,,,
14,smithy,Base,4,0,0,Y,N,N,N,N,N,N,Y,N,N,N,,,
15,spy,Base,4,0,0,Y,N,N,N,N,N,Y,Y,N,N,N,Y,,
16,thief,Base,4,0,0,Y,N,N,N,N,N,Y,Y,N,N,N,Y,,
17,throne room,Base,4,0,0,Y,N,N,N,N,N,N,Y,N,N,N,,,
18,council room,Base,5,0,0,Y,N,N,N,N,N,N,Y,N,N,N,,,
19,festival,Base,5,0,0,Y,N,N,N,N,N,N,Y,N,N,N,,,
20,laboratory,Base,5,0,0,Y,N,N,N,N,N,N,Y,N,N,N,,,
21,library,Base,5,0,0,Y,N,N,N,N,N,N,Y,N,N,N,,,
22,market,Base,5,0,0,Y,N,N,N,N,N,N,Y,N,N,N,,,
23,mine,Base,5,0,0,Y,N,N,N,N,N,N,Y,N,N,N,,,
24,witch,Base,5,0,0,Y,N,N,N,N,N,Y,Y,N,N,N,,,
25,adventurer,Base,6,0,0,Y,N,N,N,N,N,N,Y,N,N,N,Y,,
26,courtyard,Intrigue,2,0,0,Y,N,N,N,N,N,N,Y,N,N,N,,,
27,pawn,Intrigue,2,0,0,Y,N,N,N,N,N,N,Y,N,N,N,,,
28,secret chamber,Intrigue,2,0,0,Y,N,N,N,N,N,N,Y,N,N,Y,Y,,
29,great hall,Intrigue,3,0,0,Y,Y,N,N,N,N,N,Y,N,N,N,Y,,
30,masquerade,Intrigue,3,0,0,Y,N,N,N,N,N,N,Y,N,N,N,,,
31,shanty town,Intrigue,3,0,0,Y,N,N,N,N,N,N,Y,N,N,N,,,
32,steward,Intrigue,3,0,0,Y,N,N,N,N,N,N,Y,N,N,N,,,
33,swindler,Intrigue,3,0,0,Y,N,N,N,N,N,Y,Y,N,N,N,,,
34,wishing well,Intrigue,3,0,0,Y,N,N,N,N,N,N,Y,N,N,N,,,
35,baron,Intrigue,4,0,0,Y,N,N,N,N,N,N,Y,N,N,N,,,
36,bridge,Intrigue,4,0,0,Y,N,N,N,N,N,N,Y,N,N,N,,,
37,conspirator,Intrigue,4,0,0,Y,N,N,N,N,N,N,Y,N,N,N,,,
38,coppersmith,Intrigue,4,0,0,Y,N,N,N,N,N,N,Y,N,N,N,Y,,
39,ironworks,Intrigue,4,0,0,Y,N,N,N,N,N,N,Y,N,N,N,,,
40,mining village,Intrigue,4,0,0,Y,N,N,N,N,N,N,Y,N,N,N,,,
41,scout,Intrigue,4,0,0,Y,N,N,N,N,N,N,Y,N,N,N,Y,,
42,duke,Intrigue,5,0,0,N,Y,N,N,N,N,N,Y,N,N,N,,,
43,minion,Intrigue,5,0,0,Y,N,N,N,N,N,Y,Y,N,N,N,,,
44,saboteur,Intrigue,5,0,0,Y,N,N,N,N,N,Y,Y,N,N,N,Y,,
45,torturer,Intrigue,5,0,0,Y,N,N,N,N,N,Y,Y,N,N,N,,,
46,trading post,Intrigue,5,0,0,Y,N,N,N,N,N,N,Y,N,N,N,,,
47,tribute,Intrigue,5,0,0,Y,N,N,N,N,N,N,Y,N,N,N,,,
48,upgrade,Intrigue,5,0,0,Y,N,N,N,N,N,N,Y,N,N,N,,,
49,harem,Intrigue,6,0,0,Y,Y,N,N,N,N,N,Y,N,N,N,,,
50,nobles,Intrigue,6,0,0,Y,Y,N,N,N,N,N,Y,N,N,N,,,
51,herbalist,Alchemy,2,0,0,Y,N,N,N,N,N,N,Y,N,N,N,,,
52,apprentice,Alchemy,5,0,0,Y,N,N,N,N,N,N,Y,N,N,N,,,
53,transmute,Alchemy,0,0,1,Y,N,N,N,N,N,N,Y,N,N,N,,,
54,vineyard,Alchemy,0,0,1,N,Y,N,N,N,N,N,Y,N,N,N,,,
55,apothecary,Alchemy,2,0,1,Y,N,N,N,N,N,N,Y,N,N,N,,,
56,scrying pool,Alchemy,2,0,1,Y,N,N,N,N,N,Y,Y,N,N,N,,,
57,university,Alchemy,2,0,1,Y,N,N,N,N,N,N,Y,N,N,N,,,
58,alchemist,Alchemy,3,0,1,Y,N,N,N,N,N,N,Y,N,N,N,,,
59,familiar,Alchemy,3,0,1,Y,N,N,N,N,N,Y,Y,N,N,N,,,
60,philosopher's stone,Alchemy,3,0,1,N,N,Y,N,N,N,N,Y,N,N,N,,,
61,golem,Alchemy,4,0,1,Y,N,N,N,N,N,N,Y,N,N,N,,,
62,possession,Alchemy,6,0,1,Y,N,N,N,N,N,N,Y,N,N,N,,,
63,embargo,Seaside,2,0,0,Y,N,N,N,N,N,N,Y,N,N,N,,,
64,haven,Seaside,2,0,0,Y,N,N,N,N,N,N,Y,N,N,N,,,
65,lighthouse,Seaside,2,0,0,Y,N,N,N,N,N,N,Y,N,N,N,,,
66,native village,Seaside,2,0,0,Y,N,N,N,N,N,N,Y,N,N,N,,,
67,pearl diver,Seaside,2,0,0,Y,N,N,N,N,N,N,Y,N,N,N,,,
68,ambassador,Seaside,3,0,0,Y,N,N,N,N,N,Y,Y,N,N,N,,,
69,fishing village,Seaside,3,0,0,Y,N,N,N,N,N,N,Y,N,N,N,,,
70,lookout,Seaside,3,0,0,Y,N,N,N,N,N,N,Y,N,N,N,,,
71,smugglers,Seaside,3,0,0,Y,N,N,N,N,N,N,Y,N,N,N,,,
72,warehouse,Seaside,3,0,0,Y,N,N,N,N,N,N,Y,N,N,N,,,
73,caravan,Seaside,4,0,0,Y,N,N,N,N,N,N,Y,N,N,N,,,
74,cutpurse,Seaside,4,0,0,Y,N,N,N,N,N,Y,Y,N,N,N,,,
75,island,Seaside,4,0,0,Y,Y,N,N,N,N,N,Y,N,N,N,,,
76,navigator,Seaside,4,0,0,Y,N,N,N,N,N,N,Y,N,N,N,,,
77,pirate ship,Seaside,4,0,0,Y,N,N,N,N,N,Y,Y,N,N,N,,,
78,salvager,Seaside,4,0,0,Y,N,N,N,N,N,N,Y,N,N,N,,,
79,sea hag,Seaside,4,0,0,Y,N,N,N,N,N,Y,Y,N,N,N,,,
80,treasure map,Seaside,4,0,0,Y,N,N,N,N,N,N,Y,N,N,N,,,
81,bazaar,Seaside,5,0,0,Y,N,N,N,N,N,N,Y,N,N,N,,,
82,explorer,Seaside,5,0,0,Y,N,N,N,N,N,N,Y,N,N,N,,,
83,ghost ship,Seaside,5,0,0,Y,N,N,N,N,N,Y,Y,N,N,N,,,
84,merchant ship,Seaside,5,0,0,Y,N,N,N,N,N,N,Y,N,N,N,,,
85,outpost,Seaside,5,0,0,Y,N,N,N,N,N,N,Y,N,N,N,,,
86,tactician,Seaside,5,0,0,Y,N,N,N,N,N,N,Y,N,N,N,,,
87,treasury,Seaside,5,0,0,Y,N,N,N,N,N,N,Y,N,N,N,,,
88,wharf,Seaside,5,0,0,Y,N,N,N,N,N,N,Y,N,N,N,,,
89,loan,Prosperity,3,0,0,N,N,Y,N,N,N,N,Y,N,N,N,,,
90,trade route,Prosperity,3,0,0,Y,N,N,N,N,N,N,Y,N,N,N,,,
91,watchtower,Prosperity,3,0,0,Y,N,N,N,N,N,N,Y,N,N,Y,,,
92,bishop,Prosperity,4,0,0,Y,N,N,N,N,N,N,Y,N,N,N,,,
93,monument,Prosperity,4,0,0,Y,N,N,N,N,N,N,Y,N,N,N,,,
94,quarry,Prosperity,4,0,0,N,N,Y,N,N,N,N,Y,N,N,N,,,
95,talisman,Prosperity,4,0,0,N,N,N,N,N,N,N,Y,N,N,N,,,
96,worker's village,Prosperity,4,0,0,Y,N,N,N,N,N,N,Y,N,N,N,,,
97,city,Prosperity,5,0,0,Y,N,N,N,N,N,N,Y,N,N,N,,,
98,contraband,Prosperity,5,0,0,N,N,Y,N,N,N,N,Y,N,N,N,,,
99,counting house,Prosperity,5,0,0,Y,N,N,N,N,N,N,Y,N,N,N,,,
100,mint,Prosperity,5,0,0,Y,N,N,N,N,N,N,Y,N,N,N,,,
101,mountebank,Prosperity,5,0,0,Y,N,N,N,N,N,Y,Y,N,N,N,,,
102,rabble,Prosperity,5,0,0,Y,N,N,N,N,N,Y,Y,N,N,N,,,
103,royal seal,Prosperity,5,0,0,N,N,Y,N,N,N,N,Y,N,N,N,,,
104,vault,Prosperity,5,0,0,Y,N,N,N,N,N,N,Y,N,N,N,,,
105,venture,Prosperity,5,0,0,Y,N,Y,N,N,N,N,Y,N,N,N,,,
106,goons,Prosperity,6,0,0,Y,N,N,N,N,N,Y,Y,N,N,N,,,
107,grand market,Prosperity,6,0,0,Y,N,N,N,N,N,N,Y,N,N,N,,,
108,hoard,Prosperity,6,0,0,N,N,Y,N,N,N,N,Y,N,N,N,,,
109,bank,Prosperity,7,0,0,N,N,Y,N,N,N,N,Y,N,N,N,,,
110,expand,Prosperity,7,0,0,Y,N,N,N,N,N,N,Y,N,N,N,,,
111,forge,Prosperity,7,0,0,Y,N,N,N,N,N,N,Y,N,N,N,,,
112,king's court,Prosperity,7,0,0,Y,N,N,N,N,N,N,Y,N,N,N,,,
113,peddler,Prosperity,8,0,0,Y,N,N,N,N,N,N,Y,N,N,N,,,
114,hamlet,Cornucopia,2,0,0,Y,N,N,N,N,N,N,Y,N,N,N,,,
115,fortune teller,Cornucopia,3,0,0,Y,N,N,N,N,N,N,Y,N,N,N,,,
116,menagerie,Cornucopia,3,0,0,Y,N,N,N,N,N,N,Y,N,N,N,,,
117,farming village,Cornucopia,4,0,0,Y,N,N,N,N,N,N,Y,N,N,N,,,
118,horse traders,Cornucopia,4,0,0,Y,N,N,N,N,N,Y,Y,N,N,Y,,,
119,remake,Cornucopia,4,0,0,Y,N,N,N,N,N,N,Y,N,N,N,,,
120,tournament,Cornucopia,4,0,0,Y,N,N,Prizes,N,N,N,Y,N,N,N,,,
121,young witch,Cornucopia,4,0,0,Y,N,N,Bane,N,N,Y,Y,N,N,N,,,
122,harvest,Cornucopia,5,0,0,Y,N,N,N,N,N,N,Y,N,N,N,,,
123,horn of plenty,Cornucopia,5,0,0,N,N,Y,N,N,N,N,Y,N,N,N,,,
124,hunting party,Cornucopia,5,0,0,Y,N,N,N,N,N,N,Y,N,N,N,,,
125,jester,Cornucopia,5,0,0,Y,N,N,N,N,N,Y,Y,N,N,N,,,
126,fairgrounds,Cornucopia,6,0,0,N,Y,N,N,N,N,N,Y,N,N,N,,,
127,crossroads,Hinterlands,2,0,0,Y,N,N,N,N,N,N,Y,N,N,N,,,
128,duchess,Hinterlands,2,0,0,Y,N,N,N,N,N,N,Y,N,N,N,,,
129,fool's gold,Hinterlands,2,0,0,N,N,Y,N,N,N,N,Y,N,N,N,,,
130,develop,Hinterlands,3,0,0,Y,N,N,N,N,N,N,Y,N,N,N,,,
131,oasis,Hinterlands,3,0,0,Y,N,N,N,N,N,N,Y,N,N,N,,,
132,oracle,Hinterlands,3,0,0,Y,N,N,N,N,N,Y,Y,N,N,N,,,
133,scheme,Hinterlands,3,0,0,Y,N,N,N,N,N,N,Y,N,N,N,,,
134,tunnel,Hinterlands,3,0,0,N,Y,N,N,N,N,N,Y,N,N,Y,,,
135,jack of all trades,Hinterlands,4,0,0,Y,N,N,N,N,N,N,Y,N,N,N,,,
136,noble brigand,Hinterlands,4,0,0,Y,N,N,N,N,N,Y,Y,N,N,N,,,
137,nomad camp,Hinterlands,4,0,0,Y,N,N,N,N,N,N,Y,N,N,N,,,
138,silk road,Hinterlands,4,0,0,N,Y,N,N,N,N,N,Y,N,N,N,,,
139,spice merchant,Hinterlands,4,0,0,Y,N,N,N,N,N,N,Y,N,N,N,,,
140,trader,Hinterlands,4,0,0,Y,N,N,N,N,N,N,Y,N,N,N,,,
141,cache,Hinterlands,5,0,0,Y,N,Y,N,N,N,N,Y,N,N,N,,,
142,cartographer,Hinterlands,5,0,0,Y,N,N,N,N,N,N,Y,N,N,N,,,
143,embassy,Hinterlands,5,0,0,Y,N,N,N,N,N,N,Y,N,N,N,,,
144,haggler,Hinterlands,5,0,0,Y,N,N,N,N,N,N,Y,N,N,N,,,
145,highway,Hinterlands,5,0,0,Y,N,N,N,N,N,N,Y,N,N,N,,,
146,ill-gotten gains,Hinterlands,5,0,0,N,Y,Y,N,N,N,N,Y,N,N,N,,,
147,inn,Hinterlands,5,0,0,Y,N,N,N,N,N,N,Y,N,N,N,,,
148,mandarin,Hinterlands,5,0,0,Y,N,N,N,N,N,N,Y,N,N,N,,,
149,margrave,Hinterlands,5,0,0,Y,N,N,N,N,N,N,Y,N,N,N,,,
150,stables,Hinterlands,5,0,0,Y,N,N,N,N,N,N,Y,N,N,N,,,
151,border village,Hinterlands,6,0,0,Y,N,N,N,N,N,N,Y,N,N,N,,,
152,farmland,Hinterlands,6,0,0,N,Y,N,N,N,N,N,Y,N,N,N,,,
153,candlestick maker,Guilds,2,0,0,Y,N,N,N,N,N,N,Y,N,N,N,,,
154,stonemason,Guilds,2,0,0,Y,N,N,N,N,N,N,Y,N,N,N,,,
155,doctor,Guilds,3,0,0,Y,N,N,N,N,N,N,Y,N,N,N,,,
156,masterpiece,Guilds,3,0,0,N,N,Y,N,N,N,N,Y,N,N,N,,,
157,advisor,Guilds,4,0,0,Y,N,N,N,N,N,N,Y,N,N,N,,,
158,herald,Guilds,4,0,0,Y,N,N,N,N,N,N,Y,N,N,N,,,
159,plaza,Guilds,4,0,0,Y,N,N,N,N,N,N,Y,N,N,N,,,
160,taxman,Guilds,4,0,0,Y,N,N,N,N,N,N,Y,N,N,N,,,
161,baker,Guilds,5,0,0,Y,N,N,N,N,N,N,Y,N,N,N,,,
162,butcher,Guilds,5,0,0,Y,N,N,N,N,N,N,Y,N,N,N,,,
163,journeyman,Guilds,5,0,0,Y,N,N,N,N,N,N,Y,N,N,N,,,
164,merchant guild,Guilds,5,0,0,Y,N,N,N,N,N,N,Y,N,N,N,,,
165,soothsayer,Guilds,5,0,0,Y,N,N,N,N,N,N,Y,N,N,N,,,
166,poor house,Dark Ages,1,0,0,Y,N,N,N,N,N,N,Y,N,N,N,,,
167,beggar,Dark Ages,2,0,0,Y,N,N,N,N,N,N,Y,N,N,Y,,,
168,squire,Dark Ages,2,0,0,Y,N,N,N,N,N,N,Y,N,N,N,,,
169,vagrant,Dark Ages,2,0,0,Y,N,N,N,N,N,N,Y,N,N,N,,,
170,forager,Dark Ages,3,0,0,Y,N,N,N,N,N,N,Y,N,N,N,,,
171,hermit,Dark Ages,3,0,0,Y,N,N,Madman,N,N,N,Y,N,N,N,,,
172,market square,Dark Ages,3,0,0,Y,N,N,N,N,N,N,Y,N,N,Y,,,
173,sage,Dark Ages,3,0,0,Y,N,N,N,N,N,N,Y,N,N,N,,,
174,storeroom,Dark Ages,3,0,0,Y,N,N,N,N,N,N,Y,N,N,N,,,
175,urchin,Dark Ages,3,0,0,Y,N,N,Mercenary,N,N,Y,Y,N,N,N,,,
176,armory,Dark Ages,4,0,0,Y,N,N,N,N,N,N,Y,N,N,N,,,
177,death cart,Dark Ages,4,0,0,Y,N,N,N,Y,N,N,Y,N,N,N,,,
178,feodum,Dark Ages,4,0,0,N,Y,N,N,N,N,N,Y,N,N,N,,,
179,fortress,Dark Ages,4,0,0,Y,N,N,N,N,N,N,Y,N,N,N,,,
180,ironmonger,Dark Ages,4,0,0,Y,N,N,N,N,N,N,Y,N,N,N,,,
181,marauder,Dark Ages,4,0,0,Y,N,N,N,Y,Y,Y,Y,N,N,N,,,
182,procession,Dark Ages,4,0,0,Y,N,N,N,N,N,N,Y,N,N,N,,,
183,rats,Dark Ages,4,0,0,Y,N,N,N,N,N,N,Y,N,N,N,,,
184,scavenger,Dark Ages,4,0,0,Y,N,N,N,N,N,N,Y,N,N,N,,,
185,wandering minstrel,Dark Ages,4,0,0,Y,N,N,N,N,N,N,Y,N,N,N,,,
186,band of misfits,Dark Ages,5,0,0,Y,N,N,N,N,N,N,Y,N,N,N,,,
187,bandit camp,Dark Ages,5,0,0,Y,N,N,N,N,Y,N,Y,N,N,N,,,
188,catacombs,Dark Ages,5,0,0,Y,N,N,N,N,N,N,Y,N,N,N,,,
189,count,Dark Ages,5,0,0,Y,N,N,N,N,N,N,Y,N,N,N,,,
190,counterfeit,Dark Ages,5,0,0,N,N,Y,N,N,N,N,Y,N,N,N,,,
191,cultist,Dark Ages,5,0,0,Y,N,N,N,Y,N,Y,Y,N,N,N,,,
192,graverobber,Dark Ages,5,0,0,Y,N,N,N,N,N,Y,Y,N,N,N,,,
193,junk dealer,Dark Ages,5,0,0,Y,N,N,N,N,N,N,Y,N,N,N,,,
194,mystic,Dark Ages,5,0,0,Y,N,N,N,N,N,N,Y,N,N,N,,,
195,pillage,Dark Ages,5,0,0,Y,N,N,N,N,Y,N,Y,N,N,N,,,
196,rebuild,Dark Ages,5,0,0,Y,N,N,N,N,N,N,Y,N,N,N,,,
197,rogue,Dark Ages,5,0,0,Y,N,N,N,N,N,Y,Y,N,N,N,,,
198,altar,Dark Ages,6,0,0,Y,N,N,N,N,N,N,Y,N,N,N,,,
199,hunting grounds,Dark Ages,6,0,0,Y,N,N,N,N,N,N,Y,N,N,N,,,
200,knights,Dark Ages,5,0,0,Y,N,N,N,N,N,Y,Y,N,N,N,,,
201,coin of the realm,Adventures,2,0,0,N,N,Y,N,N,N,N,Y,N,N,N,,,
202,page,Adventures,2,0,0,Y,N,N,Page Upgrades,N,N,N,Y,N,N,N,,,
203,peasant,Adventures,2,0,0,Y,N,N,Peasant Upgrades,N,N,N,Y,N,N,N,,,
204,ratcatcher,Adventures,2,0,0,Y,N,N,N,N,N,N,Y,N,N,N,,,
205,raze,Adventures,2,0,0,Y,N,N,N,N,N,N,Y,N,N,N,,,
206,amulet,Adventures,3,0,0,Y,N,N,N,N,N,N,Y,N,N,N,,,
207,caravan guard,Adventures,3,0,0,Y,N,N,N,N,N,N,Y,N,N,N,,,
208,dungeon,Adventures,3,0,0,Y,N,N,N,N,N,N,Y,N,N,N,,,
209,gear,Adventures,3,0,0,Y,N,N,N,N,N,N,Y,N,N,N,,,
210,guide,Adventures,3,0,0,Y,N,N,N,N,N,N,Y,N,N,N,,,
211,duplicate,Adventures,4,0,0,Y,N,N,N,N,N,N,Y,N,N,N,,,
212,magpie,Adventures,4,0,0,Y,N,N,N,N,N,N,Y,N,N,N,,,
213,messenger,Adventures,4,0,0,Y,N,N,N,N,N,N,Y,N,N,N,,,
214,miser,Adventures,4,0,0,Y,N,N,N,N,N,N,Y,N,N,N,,,
215,port,Adventures,4,0,0,Y,N,N,N,N,N,N,Y,N,N,N,,,
216,ranger,Adventures,4,0,0,Y,N,N,N,N,N,N,Y,N,N,N,,,
217,transmogrify,Adventures,4,0,0,Y,N,N,N,N,N,N,Y,N,N,N,,,
218,artificer,Adventures,5,0,0,Y,N,N,N,N,N,N,Y,N,N,N,,,
219,bridge troll,Adventures,5,0,0,Y,N,N,N,N,N,Y,Y,N,N,N,,,
220,distant lands,Adventures,5,0,0,Y,Y,N,N,N,N,N,Y,N,N,N,,,
221,giant,Adventures,5,0,0,Y,N,N,N,N,N,N,Y,N,N,N,,,
222,haunted woods,Adventures,5,0,0,Y,N,N,N,N,N,Y,Y,N,N,N,,,
223,lost city,Adventures,5,0,0,Y,N,N,N,N,N,N,Y,N,N,N,,,
224,relic,Adventures,5,0,0,N,N,Y,N,N,N,N,Y,N,N,N,,,
225,royal carriage,Adventures,5,0,0,Y,N,N,N,N,N,N,Y,N,N,N,,,
226,storyteller,Adventures,5,0,0,Y,N,N,N,N,N,N,Y,N,N,N,,,
227,swamp hag,Adventures,5,0,0,Y,N,N,N,N,N,Y,Y,N,N,N,,,
228,treasure trove,Adventures,5,0,0,N,N,Y,N,N,N,N,Y,N,N,N,,,
229,wine merchant,Adventures,5,0,0,Y,N,N,N,N,N,N,Y,N,N,N,,,
230,hireling,Adventures,6,0,0,Y,N,N,N,N,N,N,Y,N,N,N,,,
231,alms,Adventures,0,0,0,N,N,N,N,N,N,N,N,Y,N,N,,,
232,borrow,Adventures,0,0,0,N,N,N,N,N,N,N,N,Y,N,N,,,
233,quest,Adventures,0,0,0,N,N,N,N,N,N,N,N,Y,N,N,,,
234,save,Adventures,1,0,0,N,N,N,N,N,N,N,N,Y,N,N,,,
235,scouting party,Adventures,2,0,0,N,N,N,N,N,N,N,N,Y,N,N,,,
236,travelling fair,Adventures,2,0,0,N,N,N,N,N,N,N,N,Y,N,N,,,
237,bonfire,Adventures,3,0,0,N,N,N,N,N,N,N,N,Y,N,N,,,
238,expedition,Adventures,3,0,0,N,N,N,N,N,N,N,N,Y,N,N,,,
239,ferry,Adventures,3,0,0,N,N,N,N,N,N,N,N,Y,N,N,,,
240,plan,Adventures,3,0,0,N,N,N,N,N,N,N,N,Y,N,N,,,
241,mission,Adventures,4,0,0,N,N,N,N,N,N,N,N,Y,N,N,,,
242,pilgrimage,Adventures,4,0,0,N,N,N,N,N,N,N,N,Y,N,N,,,
243,ball,Adventures,5,0,0,N,N,N,N,N,N,N,N,Y,N,N,,,
244,raid,Adventures,5,0,0,N,N,N,N,N,N,N,N,Y,N,N,,,
245,seaway,Adventures,5,0,0,N,N,N,N,N,N,N,N,Y,N,N,,,
246,trade,Adventures,5,0,0,N,N,N,N,N,N,N,N,Y,N,N,,,
247,lost arts,Adventures,6,0,0,N,N,N,N,N,N,N,N,Y,N,N,,,
248,training,Adventures,6,0,0,N,N,N,N,N,N,N,N,Y,N,N,,,
249,inheritance,Adventures,7,0,0,N,N,N,N,N,N,N,N,Y,N,N,,,
250,pathfinding,Adventures,8,0,0,N,N,N,N,N,N,N,N,Y,N,N,,,
251,archive,Empires,5,0,0,Y,N,N,N,N,N,N,Y,N,N,N,,,
252,capital,Empires,5,0,0,N,N,Y,N,N,N,N,Y,N,N,N,,,
253,catapult,Empires,3,0,0,Y,N,N,Rocks,N,N,Y,Y,N,N,N,,,
254,chariot race,Empires,3,0,0,Y,N,N,N,N,N,N,Y,N,N,N,,,
255,charm,Empires,5,0,0,N,N,Y,N,N,N,N,Y,N,N,N,,,
256,city quarter,Empires,0,8,0,Y,N,N,N,N,N,N,Y,N,N,N,,,
257,crown,Empires,5,0,0,Y,N,Y,N,N,N,N,Y,N,N,N,,,
258,encampment,Empires,2,0,0,Y,N,N,plunder,N,N,Y,Y,N,N,N,,,
259,enchantress,Empires,3,0,0,Y,N,N,N,N,N,Y,Y,N,N,N,,,
260,engineer,Empires,0,4,0,Y,N,N,N,N,N,N,Y,N,N,N,,,
261,farmers’ market,Empires,3,0,0,Y,N,N,N,N,N,N,Y,N,N,N,,,
262,forum,Empires,5,0,0,Y,N,N,N,N,N,N,Y,N,N,N,,,
263,gladiator,Empires,3,0,0,Y,N,Y,fortune,N,N,Y,Y,N,N,N,,,
264,groundskeeper,Empires,5,0,0,Y,N,N,N,N,N,N,Y,N,N,N,,,
265,legionary,Empires,5,0,0,Y,N,N,N,N,N,Y,Y,N,N,N,,,
266,royal blacksmith,Empires,0,8,0,Y,N,N,N,N,N,N,Y,N,N,N,,,
267,overlord,Empires,0,8,0,Y,N,N,N,N,N,N,Y,N,N,N,,,
268,patrician,Empires,2,0,0,Y,N,N,emporium,N,N,N,Y,N,N,N,,,
269,sacrifice,Empires,4,0,0,Y,N,N,N,N,N,N,Y,N,N,N,,,
270,settlers,Empires,2,0,0,Y,N,N,bustling village,N,N,N,Y,N,N,N,,,
271,temple,Empires,4,0,0,Y,N,N,N,N,N,N,Y,N,N,N,,,
272,villa,Empires,4,0,0,Y,N,N,N,N,N,N,Y,N,N,N,,,
273,castles,Empires,3,0,0,N,Y,N,N,N,N,N,Y,N,N,N,,,
274,wild hunt,Empires,5,0,0,Y,N,N,N,N,N,N,Y,N,N,N,,,
275,advance,Empires,0,0,0,N,N,N,N,N,N,N,N,Y,N,N,,,
276,annex,Empires,0,8,0,N,N,N,N,N,N,N,N,Y,N,N,,,
277,banquet,Empires,3,0,0,N,N,N,N,N,N,N,N,Y,N,N,,,
278,conquest,Empires,6,0,0,N,N,N,N,N,N,N,N,Y,N,N,,,
279,delve,Empires,2,0,0,N,N,N,N,N,N,N,N,Y,N,N,,,
280,dominate,Empires,14,0,0,N,N,N,N,N,N,N,N,Y,N,N,,,
281,donate,Empires,0,8,0,N,N,N,N,N,N,N,N,Y,N,N,,,
282,ritual,Empires,4,0,0,N,N,N,N,N,N,N,N,Y,N,N,,,
283,salt the earth,Empires,4,0,0,N,N,N,N,N,N,N,N,Y,N,N,,,
284,tax,Empires,2,0,0,N,N,N,N,N,N,N,N,Y,N,N,,,
285,triumph,Empires,0,5,0,N,N,N,N,N,N,N,N,Y,N,N,,,
286,wedding,Empires,4,3,0,N,N,N,N,N,N,N,N,Y,N,N,,,
287,windfall,Empires,5,0,0,N,N,N,N,N,N,N,N,Y,N,N,,,
288,adueduct,Empires,N,N,0,N,N,N,N,N,N,N,N,N,Y,N,,,
289,arena,Empires,N,N,0,N,N,N,N,N,N,N,N,N,Y,N,,,
290,bandit fort,Empires,N,N,0,N,N,N,N,N,N,N,N,N,Y,N,,,
291,basilica,Empires,N,N,0,N,N,N,N,N,N,N,N,N,Y,N,,,
292,baths,Empires,N,N,0,N,N,N,N,N,N,N,N,N,Y,N,,,
293,battlefield,Empires,N,N,0,N,N,N,N,N,N,N,N,N,Y,N,,,
294,colonnade,Empires,N,N,0,N,N,N,N,N,N,N,N,N,Y,N,,,
295,defiled shrine,Empires,N,N,0,N,N,N,N,N,N,N,N,N,Y,N,,,
296,fountain,Empires,N,N,0,N,N,N,N,N,N,N,N,N,Y,N,,,
297,keep,Empires,N,N,0,N,N,N,N,N,N,N,N,N,Y,N,,,
298,labyrinth,Empires,N,N,0,N,N,N,N,N,N,N,N,N,Y,N,,,
299,mountain pass,Empires,N,N,0,N,N,N,N,N,N,N,N,N,Y,N,,,
300,museum,Empires,N,N,0,N,N,N,N,N,N,N,N,N,Y,N,,,
301,obelisk,Empires,N,N,0,N,N,N,N,N,N,N,N,N,Y,N,,,
302,orchard,Empires,N,N,0,N,N,N,N,N,N,N,N,N,Y,N,,,
303,palace,Empires,N,N,0,N,N,N,N,N,N,N,N,N,Y,N,,,
304,tomb,Empires,N,N,0,N,N,N,N,N,N,N,N,N,Y,N,,,
305,tower,Empires,N,N,0,N,N,N,N,N,N,N,N,N,Y,N,,,
306,triumphal arch,Empires,N,N,0,N,N,N,N,N,N,N,N,N,Y,N,,,
307,wall,Empires,N,N,0,N,N,N,N,N,N,N,N,N,Y,N,,,
308,wolf den,Empires,N,N,0,N,N,N,N,N,N,N,N,N,Y,N,,,
309,envoy,Promo,4,0,0,Y,N,N,N,N,N,N,Y,N,N,N,,,
310,governor,Promo,5,0,0,Y,N,N,N,N,N,N,Y,N,N,N,,,
311,prince,Promo,8,0,,Y,N,N,N,N,N,N,Y,N,N,N,,,
312,stash,Promo,5,0,0,N,N,Y,N,N,N,N,Y,N,N,N,,,
313,summon,Promo,4,0,0,N,N,N,N,N,N,N,N,Y,N,N,,,
314,walled village,Promo,4,0,0,Y,N,N,N,N,N,N,Y,N,N,N,,,
315,artisan,Base,6,0,0,Y,N,N,N,N,N,N,Y,N,N,N,,Y,
316,bandit,Base,5,0,0,Y,N,N,N,N,N,Y,Y,N,N,N,,Y,
317,harbinger,Base,3,0,0,Y,N,N,N,N,N,N,Y,N,N,N,,Y,
318,merchant,Base,3,0,0,Y,N,N,N,N,N,N,Y,N,N,N,,Y,
319,poacher,Base,4,0,0,Y,N,N,N,N,N,N,Y,N,N,N,,Y,
320,sentry,Base,5,0,0,Y,N,N,N,N,N,N,Y,N,N,N,,Y,
321,vassal,Base,3,0,0,Y,N,N,N,N,N,N,Y,N,N,N,,Y,
322,courtier,Intrigue,5,0,0,Y,N,N,N,N,N,N,Y,N,N,N,,Y,
323,diplomat,Intrigue,4,0,0,Y,N,N,N,N,N,N,Y,N,N,Y,,Y,
324,lurker,Intrigue,2,0,0,Y,N,N,N,N,N,N,Y,N,N,N,,Y,
325,mill,Intrigue,4,0,0,Y,Y,N,N,N,N,N,Y,N,N,N,,Y,
326,patrol,Intrigue,5,0,0,Y,N,N,N,N,N,N,Y,N,N,N,,Y,
327,replace,Intrigue,5,0,0,Y,N,N,N,N,N,Y,Y,N,N,N,,Y,
328,secret passage,Intrigue,4,0,0,Y,N,N,N,N,N,N,Y,N,N,N,,Y,
329,druid,Nocturne,2,0,0,Y,N,N,3 set-aside boons,N,N,N,Y,N,N,N,,,
330,faithful hound,Nocturne,2,0,0,Y,N,N,,N,N,N,Y,N,N,Y,,,
331,monastery,Nocturne,2,0,0,N,N,N,,N,N,N,Y,N,N,N,,,
332,pixie,Nocturne,2,0,0,Y,N,N,goat,N,N,N,Y,N,N,N,,,
333,tracker,Nocturne,2,0,0,Y,N,N,pouch,N,N,N,Y,N,N,N,,,
334,changeling,Nocturne,3,0,0,N,N,N,,N,N,N,Y,N,N,N,,,
335,fool,Nocturne,3,0,0,Y,N,N,lucky coin,N,N,N,Y,N,N,N,,,
336,ghost town,Nocturne,3,0,0,N,N,N,,N,N,N,Y,N,N,N,,,
337,leprechaun,Nocturne,3,0,0,Y,N,N,,N,N,N,Y,N,N,N,,,
338,night watchman,Nocturne,3,0,0,N,N,N,,N,N,N,Y,N,N,N,,,
339,secret cave,Nocturne,3,0,0,Y,N,N,magic lamp,N,N,N,Y,N,N,N,,,
340,bard,Nocturne,4,0,0,Y,N,N,,N,N,N,Y,N,N,N,,,
341,blessed village,Nocturne,4,0,0,Y,N,N,,N,N,N,Y,N,N,N,,,
342,cemetery,Nocturne,4,0,0,N,Y,N,haunted mirror,N,N,N,Y,N,N,N,,,
343,conclave,Nocturne,4,0,0,Y,N,N,,N,N,N,Y,N,N,N,,,
344,devil’s workshop,Nocturne,4,0,0,N,N,N,,N,N,N,Y,N,N,N,,,
345,exorcist,Nocturne,4,0,0,Y,N,N,,N,N,N,Y,N,N,N,,,
346,necromancer,Nocturne,4,0,0,Y,N,N,zombies,N,N,N,Y,N,N,N,,,
347,shepherd,Nocturne,4,0,0,Y,N,N,pasture,N,N,N,Y,N,N,N,,,
348,skulk,Nocturne,4,0,0,Y,N,N,,N,N,Y,Y,N,N,N,,,
349,cobbler,Nocturne,5,0,0,N,N,N,,N,N,N,Y,N,N,N,,,
350,crypt,Nocturne,5,0,0,N,N,N,,N,N,N,Y,N,N,N,,,
351,cursed village,Nocturne,5,0,0,Y,N,N,,N,N,N,Y,N,N,N,,,
352,den of sin,Nocturne,5,0,0,N,N,N,,N,N,N,Y,N,N,N,,,
353,idol,Nocturne,5,0,0,N,N,Y,,N,N,Y,Y,N,N,N,,,
354,pooka,Nocturne,5,0,0,Y,N,N,cursed gold,N,N,N,Y,N,N,N,,,
355,sacred grove,Nocturne,5,0,0,Y,N,N,,N,N,N,Y,N,N,N,,,
356,tormentor,Nocturne,5,0,0,Y,N,N,,N,N,Y,Y,N,N,N,,,
357,tragic hero,Nocturne,5,0,0,Y,N,N,,N,N,N,Y,N,N,N,,,
358,vampire,Nocturne,5,0,0,N,N,N,bat,N,N,Y,Y,N,N,N,,,
359,werewolf,Nocturne,5,0,0,Y,N,N,,N,N,Y,Y,N,N,N,,,
360,raider,Nocturne,6,0,0,N,N,N,,N,N,Y,Y,N,N,N,,,
361,border guard,Renaissance,2,0,0,Y,N,N,lantern and horn,N,N,N,Y,N,N,N,,,
362,ducat,Renaissance,2,0,0,N,N,Y,,N,N,N,Y,N,N,N,,,
363,lackeys,Renaissance,2,0,0,Y,N,N,,N,N,N,Y,N,N,N,,,
364,acting troupe,Renaissance,3,0,0,Y,N,N,,N,N,N,Y,N,N,N,,,
365,cargo ship,Renaissance,3,0,0,Y,N,N,,N,N,N,Y,N,N,N,,,
366,experiment,Renaissance,3,0,0,Y,N,N,,N,N,N,Y,N,N,N,,,
367,improve,Renaissance,3,0,0,Y,N,N,,N,N,N,Y,N,N,N,,,
368,flag bearer,Renaissance,4,0,0,Y,N,N,flag,N,N,N,Y,N,N,N,,,
369,hideout,Renaissance,4,0,0,Y,N,N,,N,N,N,Y,N,N,N,,,
370,inventor,Renaissance,4,0,0,Y,N,N,,N,N,N,Y,N,N,N,,,
371,mountain village,Renaissance,4,0,0,Y,N,N,,N,N,N,Y,N,N,N,,,
372,patron,Renaissance,4,0,0,Y,N,N,,N,N,N,Y,N,N,Y,,,
373,priest,Renaissance,4,0,0,Y,N,N,,N,N,N,Y,N,N,N,,,
374,research,Renaissance,4,0,0,Y,N,N,,N,N,N,Y,N,N,N,,,
375,silk merchant,Renaissance,4,0,0,Y,N,N,,N,N,N,Y,N,N,N,,,
376,old witch,Renaissance,5,0,0,Y,N,N,,N,N,Y,Y,N,N,N,,,
377,recruiter,Renaissance,5,0,0,Y,N,N,,N,N,N,Y,N,N,N,,,
378,scepter,Renaissance,5,0,0,Y,N,Y,,N,N,N,Y,N,N,N,,,
379,scholar,Renaissance,5,0,0,Y,N,N,,N,N,N,Y,N,N,N,,,
380,sculptor,Renaissance,5,0,0,Y,N,N,,N,N,N,Y,N,N,N,,,
381,seer,Renaissance,5,0,0,Y,N,N,,N,N,N,Y,N,N,N,,,
382,spices,Renaissance,5,0,0,N,N,Y,,N,N,N,Y,N,N,N,,,
383,swashbuckler,Renaissance,5,0,0,Y,N,N,treasure chest,N,N,N,Y,N,N,N,,,
384,treasurer,Renaissance,5,0,0,Y,N,N,key,N,N,N,Y,N,N,N,,,
385,villain,Renaissance,5,0,0,Y,N,N,,N,N,Y,Y,N,N,N,,,
386,cathedral,Renaissance,3,0,0,N,N,N,,N,N,N,N,Y,N,N,,,
387,city gate,Renaissance,3,0,0,N,N,N,,N,N,N,N,Y,N,N,,,
388,pageant,Renaissance,3,0,0,N,N,N,,N,N,N,N,Y,N,N,,,
389,sewers,Renaissance,3,0,0,N,N,N,,N,N,N,N,Y,N,N,,,
390,star chart,Renaissance,3,0,0,N,N,N,,N,N,N,N,Y,N,N,,,
391,exploration,Renaissance,4,0,0,N,N,N,,N,N,N,N,Y,N,N,,,
392,fair,Renaissance,4,0,0,N,N,N,,N,N,N,N,Y,N,N,,,
393,silos,Renaissance,4,0,0,N,N,N,,N,N,N,N,Y,N,N,,,
394,sinister plot,Renaissance,4,0,0,N,N,N,,N,N,N,N,Y,N,N,,,
395,academy,Renaissance,5,0,0,N,N,N,,N,N,N,N,Y,N,N,,,
396,capitalism,Renaissance,5,0,0,N,N,N,,N,N,N,N,Y,N,N,,,
397,fleet,Renaissance,5,0,0,N,N,N,,N,N,N,N,Y,N,N,,,
398,guildhall,Renaissance,5,0,0,N,N,N,,N,N,N,N,Y,N,N,,,
399,piazza,Renaissance,5,0,0,N,N,N,,N,N,N,N,Y,N,N,,,
400,road network,Renaissance,5,0,0,N,N,N,,N,N,N,N,Y,N,N,,,
401,barracks,Renaissance,6,0,0,N,N,N,,N,N,N,N,Y,N,N,,,
402,crop rotation,Renaissance,6,0,0,N,N,N,,N,N,N,N,Y,N,N,,,
403,innovation,Renaissance,6,0,0,N,N,N,,N,N,N,N,Y,N,N,,,
404,canal,Renaissance,7,0,0,N,N,N,,N,N,N,N,Y,N,N,,,
405,citadel,Renaissance,8,0,0,N,N,N,,N,N,N,N,Y,N,N,,,
406,captain,Promo,6,0,0,Y,N,N,,N,N,N,Y,N,N,N,,,
407,church,Promo,3,0,0,Y,N,N,,N,N,N,Y,N,N,N,,,
408,sauna,Promo,4,0,0,Y,N,N,avanto,N,N,N,Y,N,N,N,,,
409,dismantle,Promo,5,0,0,Y,N,N,,N,N,N,Y,N,N,N,,,
410,black cat,Menagerie,2,0,0,Y,N,N,,N,N,Y,Y,N,N,N,,,
411,sleigh,Menagerie,2,0,0,Y,N,N,,N,N,N,Y,N,N,N,,,
412,supplies,Menagerie,2,0,0,N,N,Y,,N,N,N,Y,N,N,N,,,
413,camel train,Menagerie,3,0,0,Y,N,N,,N,N,N,Y,N,N,N,,,
414,goatherd,Menagerie,3,0,0,Y,N,N,,N,N,N,Y,N,N,N,,,
415,scrap,Menagerie,3,0,0,Y,N,N,,N,N,N,Y,N,N,N,,,
416,sheepdog,Menagerie,3,0,0,Y,N,N,,N,N,N,Y,N,N,N,,,
417,snowy village,Menagerie,3,0,0,Y,N,N,,N,N,N,Y,N,N,N,,,
418,stockpile,Menagerie,3,0,0,N,N,Y,,N,N,N,Y,N,N,N,,,
419,bounty hunter,Menagerie,4,0,0,Y,N,N,,N,N,N,Y,N,N,N,,,
420,cardinal,Menagerie,4,0,0,Y,N,N,,N,N,Y,Y,N,N,N,,,
421,cavalry,Menagerie,4,0,0,Y,N,N,,N,N,N,Y,N,N,N,,,
422,groom,Menagerie,4,0,0,Y,N,N,,N,N,N,Y,N,N,N,,,
423,hostelry,Menagerie,4,0,0,Y,N,N,,N,N,N,Y,N,N,N,,,
424,village green,Menagerie,4,0,0,Y,N,N,,N,N,N,Y,N,N,N,,,
425,barge,Menagerie,5,0,0,Y,N,N,,N,N,N,Y,N,N,N,,,
426,coven,Menagerie,5,0,0,Y,N,N,,N,N,N,Y,N,N,N,,,
427,displace,Menagerie,5,0,0,Y,N,N,,N,N,N,Y,N,N,N,,,
428,falconer,Menagerie,5,0,0,Y,N,N,,N,N,N,Y,N,N,N,,,
429,gatekeeper,Menagerie,5,0,0,Y,N,N,,N,N,N,Y,N,N,N,,,
430,hunting lodge,Menagerie,5,0,0,Y,N,N,,N,N,N,Y,N,N,N,,,
431,kiln,Menagerie,5,0,0,Y,N,N,,N,N,N,Y,N,N,N,,,
432,livery,Menagerie,5,0,0,Y,N,N,,N,N,N,Y,N,N,N,,,
433,mastermind,Menagerie,5,0,0,Y,N,N,,N,N,N,Y,N,N,N,,,
434,paddock,Menagerie,5,0,0,Y,N,N,,N,N,N,Y,N,N,N,,,
435,sanctuary,Menagerie,5,0,0,Y,N,N,,N,N,N,Y,N,N,N,,,
436,fisherman,Menagerie,5,0,0,Y,N,N,,N,N,N,Y,N,N,N,,,
437,destrier,Menagerie,6,0,0,Y,N,N,,N,N,N,Y,N,N,N,,,
438,wayfarer,Menagerie,6,0,0,Y,N,N,,N,N,N,Y,N,N,N,,,
439,animal fair,Menagerie,7,0,0,Y,N,N,,N,N,N,Y,N,N,N,,,
440,delay,Menagerie,0,,,,,,,,,,N,Y,,,,,
441,desperation,Menagerie,0,,,,,,,,,,N,Y,,,,,
442,gamble,Menagerie,2,,,,,,,,,,N,Y,,,,,
443,pursue,Menagerie,2,,,,,,,,,,N,Y,,,,,
444,ride,Menagerie,2,,,,,,,,,,N,Y,,,,,
445,toil,Menagerie,2,,,,,,,,,,N,Y,,,,,
446,enhance,Menagerie,3,,,,,,,,,,N,Y,,,,,
447,march,Menagerie,3,,,,,,,,,,N,Y,,,,,
448,transport,Menagerie,3,,,,,,,,,,N,Y,,,,,
449,banish,Menagerie,4,,,,,,,,,,N,Y,,,,,
450,bargain,Menagerie,4,,,,,,,,,,N,Y,,,,,
451,invest,Menagerie,4,,,,,,,,,,N,Y,,,,,
452,seize the day,Menagerie,4,,,,,,,,,,N,Y,,,,,
453,commerce,Menagerie,5,,,,,,,,,,N,Y,,,,,
454,demand,Menagerie,5,,,,,,,,,,N,Y,,,,,
455,stampede,Menagerie,5,,,,,,,,,,N,Y,,,,,
456,reap,Menagerie,7,,,,,,,,,,N,Y,,,,,
457,enclave,Menagerie,8,,,,,,,,,,N,Y,,,,,
458,alliance,Menagerie,10,,,,,,,,,,N,Y,,,,,
459,populate,Menagerie,10,,,,,,,,,,N,Y,,,,,
460,way of the butterfly,Menagerie,N,N,,,,,,,,,N,N,,,,,Y
461,way of the camel,Menagerie,N,N,,,,,,,,,N,N,,,,,Y
462,way of the chameleon,Menagerie,N,N,,,,,,,,,N,N,,,,,Y
463,way of the frog,Menagerie,N,N,,,,,,,,,N,N,,,,,Y
464,way of the goat,Menagerie,N,N,,,,,,,,,N,N,,,,,Y
465,way of the horse,Menagerie,N,N,,,,,,,,,N,N,,,,,Y
466,way of the mole,Menagerie,N,N,,,,,,,,,N,N,,,,,Y
467,way of the monkey,Menagerie,N,N,,,,,,,,,N,N,,,,,Y
468,way of the mouse,Menagerie,N,N,,,,,,,,,N,N,,,,,Y
469,way of the mule,Menagerie,N,N,,,,,,,,,N,N,,,,,Y
470,way of the otter,Menagerie,N,N,,,,,,,,,N,N,,,,,Y
471,way of the owl,Menagerie,N,N,,,,,,,,,N,N,,,,,Y
472,way of the ox,Menagerie,N,N,,,,,,,,,N,N,,,,,Y
473,way of the pig,Menagerie,N,N,,,,,,,,,N,N,,,,,Y
474,way of the rat,Menagerie,N,N,,,,,,,,,N,N,,,,,Y
475,way of the seal,Menagerie,N,N,,,,,,,,,N,N,,,,,Y
476,way of the sheep,Menagerie,N,N,,,,,,,,,N,N,,,,,Y
477,way of the squirrel,Menagerie,N,N,,,,,,,,,N,N,,,,,Y
478,way of the turtle,Menagerie,N,N,,,,,,,,,N,N,,,,,Y
479,way of the worm,Menagerie,N,N,,,,,,,,,N,N,,,,,Y